[{"domain-match":["aim\\.com","aol\\..*","jp\\.aol\\.com"],"smtp":[{"starttls":true,"port":587,"hostname":"smtp.aol.com"},{"port":465,"hostname":"smtp.aol.com","ssl":true},{"starttls":true,"port":25,"hostname":"smtp.aol.com"}]},{"domain-match":["euro\\.apple\\.com"],"smtp":[{"starttls":true,"port":587,"hostname":"phonehome.apple.com"}]},{"domain-match":["juno\\.com"],"smtp":[{"starttls":true,"port":465,"hostname":"smtp.juno.com"}]},{"domain-match":["ukr\\.net"],"smtp":[{"port":465,"hostname":"smtp.ukr.net","ssl":true}]},{"domain-match":["yandex\\.ru","yandex\\.ua","yandex\\.kz","yandex\\.by","yandex\\.com","yandex\\.com\\.tr"],"smtp":[{"port":465,"hostname":"smtp.yandex.com","ssl":true}]},{"domain-match":["googlemail\\.com","gmail\\.com"],"smtp":[{"starttls":true,"port":587,"hostname":"smtp.gmail.com"},{"port":465,"hostname":"smtp.gmail.com","ssl":true},{"starttls":true,"port":25,"hostname":"smtp.gmail.com"}]},{"domain-match":["123mail\\.org","fastmail\\..*","airpost\\.net","eml\\.cc","fmail\\.co\\.uk","fmgirl\\.com","fmguy\\.com","mailbolt\\.com","mailcan\\.com","mailhaven\\.com","mailmight\\.com","ml1\\.net","mm\\.st","myfastmail\\.com","proinbox\\.com","promessage\\.com","rushpost\\.com","sent\\.as","sent\\.at","sent\\.com","speedymail\\.org","warpmail\\.net","xsmail\\.com","150mail\\.com","150ml\\.com","16mail\\.com","2-mail\\.com","4email\\.net","50mail\\.com","allmail\\.net","bestmail\\.us","cluemail\\.com","elitemail\\.org","emailcorner\\.net","emailengine\\.net","emailengine\\.org","emailgroups\\.net","emailplus\\.org","emailuser\\.net","f-m\\.fm","fast-email\\.com","fast-mail\\.org","fastem\\.com","fastemail\\.us","fastemailer\\.com","fastest\\.cc","fastimap\\.com","fastmailbox\\.net","fastmessaging\\.com","fea\\.st","fmailbox\\.com","ftml\\.net","h-mail\\.us","hailmail\\.net","imap-mail\\.com","imap\\.cc","imapmail\\.org","inoutbox\\.com","internet-e-mail\\.com","internet-mail\\.org","internetemails\\.net","internetmailing\\.net","jetemail\\.net","justemail\\.net","letterboxes\\.org","mail-central\\.com","mail-page\\.com","mailandftp\\.com","mailas\\.com","mailc\\.net","mailforce\\.net","mailftp\\.com","mailingaddress\\.org","mailite\\.com","mailnew\\.com","mailsent\\.net","mailservice\\.ms","mailup\\.net","mailworks\\.org","mymacmail\\.com","nospammail\\.net","ownmail\\.net","petml\\.com","postinbox\\.com","postpro\\.net","realemail\\.net","reallyfast\\.biz","reallyfast\\.info","speedpost\\.net","ssl-mail\\.com","swift-mail\\.com","the-fastest\\.net","the-quickest\\.com","theinternetemail\\.com","veryfast\\.biz","veryspeedy\\.net","yepmail\\.net","your-mail\\.com","operamail\\.com"],"smtp":[{"starttls":true,"port":587,"hostname":"mail.messagingengine.com"},{"port":465,"hostname":"mail.messagingengine.com","ssl":true},{"starttls":true,"port":25,"hostname - 2":"mail.messagingengine.com"}]},{"domain-match":["qq\\.com"],"smtp":[{"port":465,"hostname":"smtp.exmail.qq.com","ssl":true}]},{"domain-match":["yahoo\\..*","ymail\\.com","rocketmail\\.com","xtra\\.co\\.nz"],"smtp":[{"port":465,"hostname":"smtp.mail.yahoo.com","ssl":true}]},{"domain-match":["yahoo\\.co\\.jp"],"smtp":[{"port":465,"hostname":"smtp.mail.yahoo.co.jp","ssl":true}]},{"domain-match":["mail\\.com"],"smtp":[{"port":587,"hostname":"smtp.mail.com","ssl":true},{"port":465,"hostname":"smtp.mail.com","ssl":true},{"port":25,"hostname":"smtp.mail.com","ssl":true}]},{"domain-match":["hushmail\\.com"],"smtp":[{"port":587,"hostname":"smtp.hushmail.com","ssl":true},{"port":465,"hostname":"smtp.hushmail.com","ssl":true},{"starttls":true,"port":25,"hostname":"smtp.hushmail.com"}]},{"domain-match":["openmailbox\\.org"],"smtp":[{"starttls":true,"port":587,"hostname":"smtp.openmailbox.org"}]},{"domain-match":["outlook\\.com","outlook\\.com\\.ar","outlook\\.com\\.au","outlook\\.at","outlook\\.be","outlook\\.com\\.br","outlook\\.cl","outlook\\.cz","outlook\\.dk","outlook\\.fr","outlook\\.de","outlook\\.com\\.gr","outlook\\.co\\.id","outlook\\.ie","outlook\\.it","outlook\\.hu","outlook\\.jp","outlook\\.kr","outlook\\.lv","outlook\\.my","outlook\\.co\\.nz","outlook\\.com\\.pe","outlook\\.ph","outlook\\.pt","outlook\\.sa","outlook\\.sg","outlook\\.sk","outlook\\.es","outlook\\.co\\.th","outlook\\.com\\.tr","outlook\\.com\\.vn","hotmail\\.com","hotmail\\.co\\.uk","hotmail\\.fr","hotmail\\.de","hotmail\\.be","hotmail\\.com\\.ar","hotmail\\.es","hotmail\\.com\\.mx","hotmail\\.com","live\\.com","live\\.fr","live\\.de","live\\.be","live\\.com\\.ar","live\\.com\\.mx","live\\.co\\.uk"],"smtp":[{"starttls":true,"port":25,"hostname":"smtp-mail.outlook.com"}]},{"domain-match":["rambler\\.ru","lenta\\.ru","autorambler\\.ru","myrambler\\.ru","ro\\.ru","r0\\.ru"],"smtp":[{"port":465,"hostname":"smtp.rambler.ru","ssl":true}]},{"domain-match":["gmx\\..*","caramail\\..*"],"smtp":[{"starttls":true,"port":587,"hostname":"mail.gmx.com"},{"port":465,"hostname":"mail.gmx.com","ssl":true},{"starttls":true,"port":25,"hostname":"mail.gmx.com"}]},{"domain-match":["me\\.com","mac\\.com","icloud\\.com"],"smtp":[{"starttls":true,"port":587,"hostname":"smtp.mail.me.com"}]},{"domain-match":["asia\\.apple\\.com"],"smtp":[{"tls":true,"port":465,"hostname":"phonehome.asia.apple.com"},{"starttls":true,"port":587,"hostname":"phonehome.asia.apple.com"}]},{"domain-match":["apple\\.com"],"smtp":[{"tls":true,"port":465,"hostname":"phonehome.apple.com"},{"starttls":true,"port":587,"hostname":"phonehome.apple.com"}]},{"domain-match":["zoho\\.com"],"smtp":[{"port":465,"hostname":"smtp.zoho.com","ssl":true},{"starttls":true,"port":587,"hostname":"smtp.zoho.com"}]},{"domain-match":["mail\\.ru","inbox\\.ru","list\\.ru","bk\\.ru","mail\\.ua"],"smtp":[{"port":465,"hostname":"smtp.mail.ru","ssl":true}]}]